epoca,custo_treinamento,custo_treino_sem_reg
0,2.314469754434015,2.3106881329998084
1,2.306501851186434,2.3027223504067287
2,2.301661696662809,2.2978828749250786
3,2.2980387862700327,2.2942596975704475
4,2.2948901017631345,2.2911099965154675
5,2.291903299158891,2.288121506274695
6,2.2889392704099625,2.28515514622507
7,2.285930809439022,2.282143713845325
8,2.282840751417956,2.2790500355684977
9,2.2796444126035564,2.2758494116550354
10,2.276322203843062,2.272522231931871
11,2.272856527519758,2.2690508737515596
12,2.269230478758762,2.265418403674835
13,2.265427308309208,2.2616080405917134
14,2.261430210340505,2.257602943652332
15,2.257222252994239,2.2533861429108195
16,2.2527863760578453,2.2489405370784654
17,2.2481054244672727,2.2442489271093615
18,2.2431622046614756,2.23929407265068
19,2.23793955826227,2.234058765837192
20,2.2324204504810696,2.2285259198358083
21,2.2265880717133544,2.2226786706041515
22,2.220425951088221,2.2165004906328476
23,2.2139180807664145,2.209975313466627
24,2.2070490497258985,2.2030876677443896
25,2.199804185717864,2.195822819441751
26,2.192169704037703,2.1881669209607457
27,2.184132861720977,2.1801071656764917
28,2.1756821157109294,2.1716319464867677
29,2.1668072834101,2.162731016776113
30,2.1574997037852026,2.1533956519622257
31,2.147752396816185,2.1436188094136917
32,2.1375602185647877,2.133395284011737
33,2.1269200085115245,2.1227218560014025
34,2.1158307251296793,2.11159742709603
35,2.104293565013703,2.1000231401463436
36,2.092312060357533,2.088002477161994
37,2.0798921492909557,2.075541330184383
38,2.0670422136250974,2.0626480395510045
39,2.0537730790042534,2.0493333945363394
40,2.0400979733489195,2.035610592241079
41,2.026032440798958,2.0214951519252153
42,2.011594210074458,2.0070047836895357
43,1.9968030181669334,1.992159212406361
44,1.9816803924179955,1.9769799599468543
45,1.9662493961718144,1.9614900908842086
46,1.9505343451259685,1.9457139287936993
47,1.934560503084727,1.9296767518538755
48,1.9183537668987707,1.913404477537123
49,1.9019403508592683,1.8969233466656192
50,1.8853464806614904,1.8802596169594379
51,1.8685981062842356,1.8634392754374665
52,1.8517206418243564,1.846487777726775
53,1.8347387386058414,1.829429820617241
54,1.817676095906139,1.8122891522214701
55,1.8005553115757167,1.79508842203244
56,1.7833977728293982,1.7778490711721338
57,1.7662235856948683,1.7605912613289478
58,1.7490515401147722,1.7433338393900002
59,1.7318991065741087,1.7260943336468522
60,1.7147824593844385,1.7088889767101445
61,1.697716521387284,1.6917327498968653
62,1.6807150248009939,1.6746394438135532
63,1.6637905831715603,1.6576217300930713
64,1.6469547698333258,1.6406912396865783
65,1.6302181988744666,1.623858643700295
66,1.6135906052735804,1.6071337334375273
67,1.5970809215748438,1.5905254970073535
68,1.5806973491573588,1.574042190549667
69,1.5644474227970904,1.5576914027694113
70,1.5483380677945864,1.5414801120481973
71,1.5323756494344591,1.5254147358949588
72,1.5165660149465583,1.509501172901992
73,1.5009145284527765,1.4937448376875098
74,1.4854260996108992,1.478150689534039
75,1.4701052068144107,1.4627232555801948
76,1.4549559158836867,1.447466649500482
77,1.4399818951998393,1.4323845866241487
78,1.425186428198834,1.4174803964108842
79,1.410572424071592,1.4027570331295822
80,1.3961424274165852,1.388217085487406
81,1.3818986274751013,1.3738627858402106
82,1.3678428674549479,1.3596960194910193
83,1.3539766543236522,1.3457183344585462
84,1.3403011693334501,1.331930951978918
85,1.3268172794322575,1.3183347778955659
86,1.3135255496206941,1.3049304149979977
87,1.3004262562369135,1.291718176291707
88,1.2875194010891307,1.2786980991194732
89,1.27480472631009,1.2658699600085088
90,1.2622817297770548,1.253233290087122
91,1.2499496809236634,1.2407873908972127
92,1.237807636764164,1.2285313504229824
93,1.2258544579539525,1.2164640591595768
94,1.2140888247209152,1.204584226055893
95,1.2025092525177457,1.1928903941814113
96,1.1911141072644191,1.1813809559858972
97,1.1799016200707626,1.1700541680415637
98,1.1688699013503137,1.1589081651785385
99,1.158016954257402,1.1479409739452309
100,1.1473406873988654,1.1371505253446919
101,1.1368389267895516,1.1265346668158147
102,1.126509427036404,1.116091173443908
103,1.116349881749403,1.1058177583986608
104,1.1063579331888473,1.095712082608772
105,1.0965311811675884,1.0857717636916677
106,1.0868671912339212,1.0759943841638413
107,1.0773635021661792,1.0663774989627353
108,1.0680176328138309,1.0569186423148373
109,1.0588270883222746,1.0476153339871004
110,1.049789365779813,1.0384650849600865
111,1.0409019593256317,1.029465402561598
112,1.0321623647572322,1.0206137950992036
113,1.0235680836748071,1.0119077760291064
114,1.0151166271986882,1.0033448676974621
115,1.0068055192943086,0.9949226046885714
116,0.9986322997372673,0.9866385368125234
117,0.9905945267490887,0.9784902317628791
118,0.9826897793322521,0.9704752774729694
119,0.9749156593310292,0.9625912841973497
120,0.9672697932426922,0.954835886342981
121,0.9597498338017385,0.9472067440727905
122,0.9523534613579547,0.9397015447024485
123,0.9450783850674219,0.9323180039094722
124,0.9379223439139482,0.9250538667721594
125,0.9308831075769162,0.9179069086543504
126,0.9239584771601332,0.9108749359506243
127,0.9171462857949998,0.9039557867052557
128,0.9104443991301104,0.897147331117066
129,0.9038507157183369,0.890447471941232
130,0.8973631673114301,0.8838541447981031
131,0.8909797190712836,0.8773653183981879
132,0.8846983697061575,0.870978994691621
133,0.8785171515394122,0.8646932089496786
134,0.8724341305176013,0.858506029785202
135,0.8664474061641472,0.8524155591181722
136,0.860555111484242,0.8464199320920897
137,0.8547554128260931,0.8405173169462918
138,0.8490465097031534,0.8347059148488655
139,0.843426634581539,0.8289839596943667
140,0.8378940526364412,0.8233497178701698
141,0.8324470614809777,0.8178014879949016
142,0.8270839908705959,0.8123376006320887
143,0.8218032023858475,0.8069564179818445
144,0.8166030890960779,0.8016563335531544
145,0.8114820752063304,0.796435771819068
146,0.8064386156895396,0.7912931878568851
147,0.8014711959058902,0.7862270669752188
148,0.7965783312110362,0.7812359243296435
149,0.7917585665547027,0.7763183045284578
150,0.7870104760710613,0.7714727812299619
151,0.7823326626621208,0.7666979567324997
152,0.7777237575752661,0.7619924615584097
153,0.773182419975973,0.757354954032914
154,0.7687073365166224,0.7527841198588834
155,0.7642972209022637,0.748278671688331
156,0.7599508134540947,0.7438373486914093
157,0.7556668806713599,0.7394589161236214
158,0.7514442147923118,0.7351421648918947
159,0.7472816333548198,0.7308859111201096
160,0.7431779787571744,0.7266889957146363
161,0.7391321178195805,0.7225502839303782
162,0.7351429413468051,0.7184686649377949
163,0.7312093636924029,0.714443051391332
164,0.7273303223249207,0.7104723789996639
165,0.7235047773964445,0.7065556060981188
166,0.7197317113138364,0.7026917132236393
167,0.7160101283129778,0.6988797026925961
168,0.7123390540363201,0.6951185981817657
169,0.7087175351140165,0.6914074443127455
170,0.7051446387488981,0.6877453062400775
171,0.7016194523055324,0.6841312692433204
172,0.6981410829035859,0.6805644383232984
173,0.6947086570157032,0.6770439378027407
174,0.6913213200700856,0.6735689109315021
175,0.6879782360579523,0.6701385194965465
176,0.6846785871460374,0.666751943436858
177,0.6814215732942742,0.6634083804634268
178,0.6782064118787929,0.660107045684446
179,0.6750323373203531,0.6568471712358406
180,0.6718986007183096,0.653628005917233
181,0.6688044694902082,0.6504488148334437
182,0.6657492270170825,0.6473088790416027
183,0.6627321722945206,0.6442074952039429
184,0.6597526195895532,0.6411439752463316
185,0.6568098981034028,0.6381176460225814
186,0.6539033516401275,0.6351278489845781
187,0.6510323382811747,0.6321739398582445
188,0.6481962300658564,0.6292552883253526
189,0.6453944126777443,0.6263712777111878
190,0.6426262851369772,0.6235213046780581
191,0.6398912594984584,0.6207047789246314
192,0.637188760555922,0.617921122891079
193,0.6345182255518308,0.6151697714699941
194,0.6318791038930679,0.612450171723046
195,0.6292708568723738,0.6097617826033287
196,0.6266929573954774,0.6071040746833496
197,0.624144889713863,0.6044765298886075
198,0.621626149163112,0.6018786412366962
199,0.6191362419067515,0.5993099125818716
200,0.6166746846855412,0.5967698583650131
201,0.6142410045721227,0.5942580033689071
202,0.6118347387309604,0.591773882478782
203,0.6094554341834878,0.589317040448012
204,0.6071026475783863,0.5868870316689162
205,0.6047759449669095,0.5844834199485702
206,0.6024749015831712,0.5821057782895478
207,0.6001991016293138,0.5797536886755119
208,0.5979481380654695,0.577426741861569
209,0.5957216124044307,0.5751245371693028
210,0.5935191345109446,0.5728466822864067
211,0.5913403224055435,0.570592793070824
212,0.5891848020728278,0.5683624933593177
213,0.5870522072741151,0.5661554147803812
214,0.584942179364373,0.5639711965714107
215,0.5828543671133484,0.5618094854000527
216,0.5807884265308128,0.5596699351896464
217,0.5787440206958393,0.5575522069486782
218,0.5767208195900335,0.5554559686041717
219,0.5747184999346325,0.5533808948389269
220,0.5727367450313978,0.5513266669325376
221,0.5707752446072217,0.5492929726061048
222,0.56883369466237,0.5472795058705714
223,0.5669117973222861,0.5452859668786036
224,0.565009260692883,0.5433120617799456
225,0.5631257987192471,0.5413575025801731
226,0.5612611310476838,0.539422007002776
227,0.5594149828910352,0.5375052983544999
228,0.5575870848971968,0.5356071053938767
229,0.5557771730207691,0.5337271622028779
230,0.5539849883977743,0.5318652080616222
231,0.5522102772233727,0.5300209873260747
232,0.5504527906325153,0.5281942493086709
233,0.5487122845834678,0.5263847481618039
234,0.546988519744146,0.5245922427641149
235,0.5452812613811977,0.5228164966095218
236,0.5435902792517765,0.5210572776989316
237,0.5419153474979423,0.5193143584345739
238,0.540256244543638,0.5175875155169013
239,0.5386127529941787,0.515876529843999
240,0.5369846595382041,0.5141811864134488
241,0.5353717548520349,0.512501274226593
242,0.5337738335063822,0.5108365861951453
243,0.5321906938753572,0.5091869190500979
244,0.5306221380477291,0.507552073252871
245,0.5290679717403813,0.5059318529086569
246,0.5275280042139159,0.504326065681908
247,0.5260020481903576,0.5027345227139207
248,0.524489919772911,0.5011570385424696
249,0.5229914383677223,0.49959343102344156
250,0.5215064266076008,0.4980435212544275
251,0.5200347102776545,0.496507133500226
252,0.5185761182427971,0.49498409512021463
253,0.5171304823770801,0.4934742364975448
254,0.5156976374948117,0.49197739097012094
255,0.5142774212834151,0.49049339476331827
256,0.5128696742379922,0.4890220869244024
257,0.5114742395975461,0.4875633092586082
258,0.5100909632828267,0.4861169062668394
259,0.5087196938357608,0.48468272508495164
260,0.507360282360427,0.48326061542457965
261,0.5060125824655392,0.4818504295154722
262,0.5046764502084028,0.4804520220492991
263,0.5033517440403078,0.4790652501248942
264,0.502038324753322,0.47768997319489936
265,0.5007360554284532,0.4763260530137755
266,0.49944480138514424,0.4749733535871475
267,0.4981644301320686,0.4736317411224501
268,0.49689481131919483,0.4723010839808414
269,0.49563581669108814,0.4709812526303551
270,0.4943873200414166,0.46967211960025695
271,0.4931491971686345,0.46837355943657905
272,0.49192132583281056,0.4670854486587999
273,0.49070358571357275,0.4658076657176412
274,0.48949585836914206,0.4645400909539545
275,0.48829802719642584,0.4632826065586686
276,0.48710997739214507,0.4620350965337712
277,0.48593159591496693,0.4607974466542973
278,0.4847627714486183,0.4595695444312992
279,0.483603394365954,0.4583512790757729
280,0.48245335669395384,0.4571425414635136
281,0.4813125520796259,0.4559432241008793
282,0.4801808757567906,0.45475322109143634
283,0.4790582245137214,0.453572428103463
284,0.4779444966616231,0.45240074233829136
285,0.47683959200392073,0.451238062499462
286,0.4757434118063398,0.4500842887626711
287,0.4746558587677561,0.4489393227464885
288,0.473576836991795,0.4478030674838267
289,0.4725062519591572,0.4466754273941383
290,0.471444010500655,0.44555630825632486
291,0.47039002077093617,0.44444561718233533
292,0.4693441922228789,0.443343262591437
293,0.46830643558263774,0.4422491541851393
294,0.467276662825324,0.4411632029227529
295,0.4662547871513013,0.4400853209975668
296,0.4652407229630805,0.43901542181362535
297,0.4642343858427976,0.43795341996309045
298,0.46323569253025576,0.4368992312041695
299,0.46224456090151955,0.43585277243959675
300,0.46126090994804125,0.4348139616956493
301,0.4602846597563096,0.433782718101686
302,0.45931573148800026,0.432758961870191
303,0.45835404736061897,0.4317426142773104
304,0.45739953062862015,0.4307335976438672
305,0.45645210556498855,0.4297318353168398
306,0.4555116974432709,0.428737251651293
307,0.4545782325200442,0.42774977199274705
308,0.45365163801780845,0.4267693226599724
309,0.4527318421082915,0.42579583092819856
310,0.45181877389615405,0.4248292250127248
311,0.45091236340308416,0.4238694340529214
312,0.45001254155226844,0.4229163880966097
313,0.4491192401532306,0.42197001808481116
314,0.448232391887026,0.42103025583685305
315,0.4473519302917822,0.42009703403582294
316,0.44647778974857494,0.41917028621435903
317,0.4456099054676308,0.4182499467407696
318,0.4447482134748464,0.41733595080546954
319,0.44389265059861527,0.41642823440772686
320,0.44304315445695336,0.41552673434270865
321,0.4421996634449146,0.414631388188819
322,0.44136211672228814,0.4137421342953196
323,0.4405304542015696,0.412858911770226
324,0.439704616536197,0.41198166046847
325,0.43888454510904595,0.4111103209803222
326,0.43807018202117476,0.4102448346200663
327,0.4372614700808124,0.4093851434149173
328,0.4364583527925846,0.4085311900941791
329,0.4356607743469677,0.40768291807863133
330,0.4348686796099667,0.40684027147014135
331,0.43408201411301023,0.40600319504149446
332,0.4333007240430545,0.40517163422643465
333,0.4325247562328942,0.4043455351099131
334,0.43175405815167056,0.4035248444185347
335,0.43098857789557227,0.4027095095111996
336,0.43022826417872606,0.40189947836993434
337,0.42947306632426774,0.4010946995909055
338,0.4287229342555919,0.4002951223756125
339,0.4279778184877736,0.3995006965222536
340,0.4272376701191575,0.39871137241726057
341,0.4265024408231107,0.3979271010269978
342,0.42577208283993323,0.3971478338896202
343,0.4250465489689243,0.39637352310708784
344,0.4243257925605962,0.3956041213373292
345,0.42360976750903634,0.39483958178655343
346,0.42289842824441065,0.394079858201705
347,0.42219172972560426,0.39332490486305627
348,0.4214896274329983,0.3925746765769374
349,0.420792077361376,0.3918291286685964
350,0.420099036012958,0.39108821697518864
351,0.4194104603905604,0.3903518978388908
352,0.4187263079908744,0.3896201281001367
353,0.41804653679786385,0.38889286509097165
354,0.4173711052762772,0.38817006662852266
355,0.4166999723652718,0.38745169100858096
356,0.41603309747214656,0.3867376969992942
357,0.41537044046618216,0.3860280438349665
358,0.41471196167258273,0.3853226912099611
359,0.41405762186652123,0.3846215992727069
360,0.4134073822672814,0.3839247286198028
361,0.41276120453249693,0.38323204029021934
362,0.4121190507524841,0.38254349575959495
363,0.41148088344466643,0.38185905693462435
364,0.4108466655480882,0.38117868614753686
365,0.4102163604180159,0.3805023461506632
366,0.40958993182062464,0.3798300001110872
367,0.40896734392776823,0.3791616116053828
368,0.4083485613118303,0.37849714461443174
369,0.4077335489406551,0.3778365635183218
370,0.40712227217255664,0.3771798330913241
371,0.406514696751403,0.3765269184969456
372,0.4059107888017756,0.37587778528305776
373,0.4053105148242015,0.3752323993770979
374,0.404713841690456,0.374590727081342
375,0.40412073663893594,0.3739527350682483
376,0.4035311672701005,0.37331839037586895
377,0.4029451015419789,0.37268766040332907
378,0.4023625077657438,0.372060512906372
379,0.40178335460134834,0.37143691599296813
380,0.40120761105322605,0.37081683811898786
381,0.400635246466053,0.37020024808393615
382,0.4000662305205684,0.3695871150267472
383,0.39950053322945606,0.3689774084216388
384,0.3989381249332831,0.36837109807402585
385,0.39837897629649544,0.3677681541164899
386,0.39782305830346865,0.3671685470048051
387,0.3972703422546142,0.36657224751401934
388,0.3967207997625392,0.36597922673458966
389,0.396174402748258,0.36538945606856965
390,0.39563112343745654,0.36480290722584996
391,0.39509093435680687,0.36421955222044916
392,0.39455380833033177,0.36363936336685526
393,0.39401971847581774,0.36306231327641575
394,0.3934886382012771,0.36248837485377694
395,0.39296054120145674,0.36191752129337035
396,0.39243540145439293,0.36134972607594557
397,0.3919131932180127,0.36078496296514967
398,0.3913938910267797,0.36022320600415136
399,0.39087746968838355,0.3596644295123096
400,0.390363904280474,0.3591086080818858
401,0.3898531701474365,0.35855571657479945
402,0.3893452428972104,0.3580057301194252
403,0.38884009839814837,0.3574586241074321
404,0.3883377127759162,0.3569143741906634
405,0.3878380624104336,0.356372956278057
406,0.38734112393285264,0.3558343465326048
407,0.3868468742225772,0.3552985213683524
408,0.38635529040431826,0.354765457447435
409,0.3858663498451889,0.3542351316771536
410,0.385380030151835,0.3537075212070866
411,0.384896309167603,0.35318260342623903
412,0.38441516496974304,0.3526603559602272
413,0.38393657586664837,0.3521407566684998
414,0.3834605203951292,0.3516237836415935
415,0.38298697731772036,0.351109415198423
416,0.3825159256200239,0.3505976298836053
417,0.3820473445080842,0.350088406464818
418,0.3815812134057971,0.3495817239301901
419,0.38111751195234966,0.34907756148572533
420,0.3806562199996937,0.3485758985527579
421,0.38019731761005016,0.34807671476544044
422,0.3797407850534442,0.34757998996826195
423,0.37928660280527227,0.34708570421359813
424,0.3788347515438972,0.3465938377592904
425,0.37838521214827553,0.34610437106625663
426,0.37793796569561283,0.34561728479612996
427,0.3774929934590486,0.34513255980892815
428,0.3770502769053693,0.34465017716075025
429,0.37660979769275044,0.34417011810150294
430,0.37617153766852585,0.34369236407265435
431,0.37573547886698483,0.3432168967050153
432,0.3753016035071962,0.3427436978165483
433,0.3748698939908595,0.3422727494102031
434,0.3744403329001826,0.34180403367177914
435,0.37401290299578444,0.34133753296781366
436,0.37358758721462526,0.3408732298434964
437,0.3731643686679608,0.3404111070206093
438,0.3727432306393223,0.33995114739549154
439,0.37232415658252077,0.3394933340370297
440,0.3719071301196767,0.33903765018467225
441,0.37149213503927214,0.3385840792464679
442,0.37107915529422897,0.3381326047971291
443,0.3706681750000085,0.3376832105761178
444,0.3702591784327355,0.33723588048575515
445,0.3698521500273451,0.3367905985893547
446,0.3694470743757519,0.33634734910937714
447,0.3690439362250416,0.33590611642560886
448,0.3686427204756851,0.33546688507336175
449,0.36824341217977363,0.3350296397416952
450,0.3678459965392762,0.33459436527165964
451,0.36745045890431777,0.3341610466545617
452,0.36705678477147874,0.3337296690302501
453,0.3666649597821148,0.3333002176854225
454,0.3662749697206975,0.332872678051953
455,0.36588680051317535,0.33244703570523976
456,0.36550043822535394,0.33202327636257284
457,0.365115869061297,0.3316013858815218
458,0.3647330793617456,0.3311813502583427
459,0.36435205560255807,0.33076315562640474
460,0.3639727843931673,0.3303467882546354
461,0.3635952524750583,0.3299322345459853
462,0.3632194467202631,0.32951948103591067
463,0.3628453541298747,0.32910851439087513
464,0.3624729618325789,0.3286993214068689
465,0.3621022570832033,0.3282918890079459
466,0.3617332272612855,0.32788620424477977
467,0.36136585986965675,0.32748225429323535
468,0.3610001425330445,0.3270800264529595
469,0.3606360629966909,0.3266795081459874
470,0.36027360912498835,0.32628068691536666
471,0.3599127689001314,0.32588355042379724
472,0.35955353042078597,0.3254880864522891
473,0.3591958819007733,0.3250942828988345
474,0.35883981166777096,0.3247021277770976
475,0.35848530816202895,0.32431160921511915
476,0.35813235993510195,0.32392271545403706
477,0.35778095564859647,0.3235354348468226
478,0.35743108407293334,0.3231497558570318
479,0.35708273408612523,0.3227656670575713
480,0.3567358946725694,0.32238315712948024
481,0.35639055492185373,0.3220022148607256
482,0.3560467040275793,0.3216228291450134
483,0.3557043312861953,0.3212449889806127
484,0.3553634260958489,0.32086868346919545
485,0.3550239779552493,0.3204939018146885
486,0.3546859764625452,0.32012063332214147
487,0.3543494113142153,0.31974886739660635
488,0.3540142723039736,0.31937859354203185
489,0.35368054932168647,0.31900980136017065
490,0.3533482323523039,0.31864248054949973
491,0.3530173114748031,0.3182766209041537
492,0.35268777686114483,0.3179122123128712
493,0.3523596187752432,0.31754924475795393
494,0.35203282757194615,0.31718770831423737
495,0.35170739369603055,0.31682759314807574
496,0.3513833076812072,0.3164688895163368
497,0.3510605601491399,0.316111587765411
498,0.3507391418084741,0.3157556783302304
499,0.35041904345387964,0.31540115173330124
500,0.35010025596510325,0.31504799858374705
501,0.34978277030603333,0.3146962095763633
502,0.34946657752377575,0.3143457754906837
503,0.34915166874774073,0.3139966871900577
504,0.3488380351887411,0.3136489356207387
505,0.3485256681381006,0.3133025118109834
506,0.3482145589667742,0.31295740687016227
507,0.34790469912447736,0.3126136119878797
508,0.34759608013882765,0.31227111843310607
509,0.3472886936144946,0.31192991755331867
510,0.34698253123236183,0.3115900007736543
511,0.3466775847486976,0.3112513595960708
512,0.3463738459943361,0.3109139855985195
513,0.3460713068738692,0.3105778704341274
514,0.3457699593648459,0.31024300583038805
515,0.3454697955169834,0.30990938358836384
516,0.3451708074513871,0.30957699558189655
517,0.34487298735977895,0.3092458337568275
518,0.34457632750373646,0.30891589013022747
519,0.3442808202139397,0.30858715678963505
520,0.34398645788942794,0.3082596258923049
521,0.3436932329968654,0.30793328966446426
522,0.34340113806981454,0.30760814040057854
523,0.34311016570801955,0.3072841704626258
524,0.3428203085766976,0.30696137227937953
525,0.3425315594058383,0.30663973834570013
526,0.34224391098951246,0.30631926122183495
527,0.34195735618518824,0.30599993353272636
528,0.34167188791305536,0.3056817479673278
529,0.3413874991553584,0.3053646972779286
530,0.34110418295573675,0.3050487742794864
531,0.34082193241857367,0.30473397184896744
532,0.34054074070835155,0.30442028292469436
533,0.34026060104901645,0.30410770050570246
534,0.3399815067233496,0.3037962176511033
535,0.339703451072345,0.3034858274794549
536,0.33942642749459695,0.3031765231681407
537,0.3391504294456931,0.3028682979527553
538,0.33887545043761463,0.30256114512649707
539,0.33860148403814416,0.30225505803956804
540,0.3383285238702812,0.30195003009858173
541,0.33805656361166264,0.30164605476597667
542,0.33778559699399224,0.30134312555943743
543,0.3375156178024753,0.30104123605132255
544,0.3372466198752606,0.3007403798680989
545,0.3369785971028891,0.30044055068978265
546,0.33671154342774867,0.3001417422493873
547,0.33644545284353583,0.2998439483323775
548,0.33618031939472287,0.2995471627761293
549,0.3359161371760324,0.2992513794693976
550,0.33565290033191736,0.29895659235178856
551,0.335390603056047,0.29866279541323904
552,0.3351292395907994,0.2983699826935016
553,0.3348688042267598,0.29807814828163626
554,0.3346092913022245,0.29778728631550694
555,0.3343506952027109,0.297497390981285
556,0.33409301036047295,0.29720845651295785
557,0.3338362312540228,0.2969204771918432
558,0.3335803524076571,0.29663344734610947
559,0.33332536839099025,0.29634736135030143
560,0.33307127381849155,0.2960622136248712
561,0.33281806334902864,0.29577799863571486
562,0.3325657316854161,0.29549471089371454
563,0.33231427357396925,0.29521234495428555
564,0.3320636838040632,0.2949308954169289
565,0.33181395720769674,0.29465035692478886
566,0.33156508865906176,0.2943707241642158
567,0.3313170730741172,0.29409199186433366
568,0.331069905410168,0.2938141547966131
569,0.33082358066544965,0.2935372077744488
570,0.3305780938787161,0.29326114565274203
571,0.3303334401288341,0.2929859633274881
572,0.33008961453438074,0.2927116557353682
573,0.3298466122532464,0.29243821785334595
574,0.3296044284822426,0.292165644698269
575,0.3293630584567133,0.2918939313264747
576,0.3291224974501518,0.2916230728334004
577,0.32888274077382107,0.29135306435319847
578,0.328643783776379,0.2910839010583551
579,0.328405621843508,0.2908155781593142
580,0.3281682503975488,0.29054809090410516
581,0.3279316648971377,0.29028143457797456
582,0.3276958608368491,0.29001560450302266
583,0.3274608337468415,0.28975059603784376
584,0.3272265791925072,0.2894864045771703
585,0.32699309277412725,0.28922302555152174
586,0.32676037012652864,0.28896045442685664
587,0.3265284069187466,0.288698686704229
588,0.3262971988536906,0.2884377179194487
589,0.3260667416678133,0.2881775436427454
590,0.3258370311307847,0.28791815947843635
591,0.3256080630451681,0.2876595610645978
592,0.32537983324610203,0.2874017440727408
593,0.32515233760098333,0.28714470420748933
594,0.3249255720091557,0.2868884372062635
595,0.32469953240160104,0.2866329388389653
596,0.32447421474063387,0.28637820490766797
597,0.3242496150196001,0.2861242312463095
598,0.32402572926257817,0.2858710137203886
599,0.3238025535240846,0.285618548226665
600,0.3235800838887823,0.2853668306928626
601,0.32335831647119145,0.2851158570773755
602,0.3231372474154052,0.2848656233689784
603,0.32291687289480725,0.2846161255865391
604,0.322697189111793,0.2843673597787349
605,0.3224781922974941,0.28411932202377205
606,0.3222598787115054,0.28387200842910787
607,0.3220422446416156,0.28362541513117634
608,0.3218252864035409,0.283379538295117
609,0.32160900034066076,0.28313437411450576
610,0.32139338282375746,0.2828899188110901
611,0.3211784302507584,0.28264616863452596
612,0.3209641390464809,0.28240311986211836
613,0.3207505056623802,0.2821607687985643
614,0.3205375265763001,0.28191911177569895
615,0.32032519829222605,0.2816781451522442
616,0.32011351734004156,0.2814378653135603
617,0.31990248027528695,0.2811982686714
618,0.3196920836789206,0.28095935166366537
619,0.3194823241570832,0.28072111075416756
620,0.3192731983408643,0.2804835424323888
621,0.3190647028860716,0.2802466432132472
622,0.3188568344730022,0.28001040963686386
623,0.3186495898062178,0.2797748382683332
624,0.3184429656143205,0.27953992569749486
625,0.3182369586497322,0.27930566853870864
626,0.3180315656884763,0.27907206343063157
627,0.3178267835299614,0.27883910703599796
628,0.31762260899676753,0.2786067960414009
629,0.31741903893443496,0.27837512715707696
630,0.31721607021125486,0.27814409711669286
631,0.3170136997180626,0.2779137026771344
632,0.31681192436803274,0.2776839406182974
633,0.3166107410964771,0.27745480774288167
634,0.31641014686064417,0.27722630087618655
635,0.3162101386395212,0.2769984168659085
636,0.3160107134336383,0.27677115258194157
637,0.31581186826487434,0.27654450491617927
638,0.3156136001762653,0.2763184707823188
639,0.3154159062318148,0.27609304711566784
640,0.31521878351630583,0.2758682308729522
641,0.3150222291351161,0.27564401903212743
642,0.3148262402140331,0.2754204085921898
643,0.3146308138990732,0.27519739657299214
644,0.3144359473563017,0.27497498001505927
645,0.3142416377716548,0.27475315597940697
646,0.3140478823507637,0.2745319215473617
647,0.31385467831878056,0.2743112738203834
648,0.31366202292020584,0.2740912099198887
649,0.3134699134187184,0.2738717269870776
650,0.31327834709700647,0.2736528221827607
651,0.3130873212566007,0.27343449268718856
652,0.3128968332177095,0.2732167356998837
653,0.312706880319055,0.27299954843947266
654,0.3125174599177121,0.2727829281435218
655,0.3123285693889479,0.27256687206837293
656,0.3121402061260636,0.27235137748898214
657,0.3119523675402382,0.2721364416987594
658,0.31176505106037283,0.27192206200941
659,0.3115782541329381,0.2717082357507783
660,0.31139197422182185,0.2714949602706918
661,0.31120620880817895,0.27128223293480813
662,0.31102095539028307,0.27107005112646293
663,0.3108362114833789,0.2708584122465191
664,0.3106519746195374,0.2706473137132183
665,0.310468242347511,0.2704367529620336
666,0.3102850122325916,0.2702267274455234
667,0.31010228185646893,0.2700172346331871
668,0.30992004881709123,0.2698082720113224
669,0.3097383107285274,0.26959983708288415
670,0.3095570652208291,0.2693919273673434
671,0.3093763099398967,0.2691845404005502
672,0.3091960425473441,0.26897767373459525
673,0.30901626072036725,0.26877132493767514
674,0.30883696215161166,0.2685654915939573
675,0.30865814454904356,0.2683601713034474
676,0.30847980563582045,0.2681553616818575
677,0.30830194315016457,0.2679510603604758
678,0.30812455484523604,0.2677472649860375
679,0.30794763848900897,0.26754397322059753
680,0.3077711918641473,0.2673411827414034
681,0.30759521276788326,0.2671388912407708
682,0.3074196990118957,0.26693709642595914
683,0.30724464842219074,0.2667357960190491
684,0.30707005883898314,0.2665349877568213
685,0.3068959281165792,0.26633466939063594
686,0.3067222541232598,0.26613483868631366
687,0.30654903474116646,0.2659354934240181
688,0.3063762678661864,0.26573663139813875
689,0.30620395140784074,0.2655382504171758
690,0.30603208328917214,0.2653403483036256
691,0.3058606614466347,0.2651429228938672
692,0.30568968382998485,0.264945972038051
693,0.3055191484021723,0.26474949359998673
694,0.30534905313923333,0.26455348545703433
695,0.3051793960301847,0.2643579454999947
696,0.3050101750769181,0.264162871633002
697,0.30484138829409635,0.26396826177341703
698,0.3046730337090502,0.26377411385172117
699,0.30450510936167674,0.26358042581141267
700,0.3043376133043378,0.263387195608902
701,0.3041705436017598,0.2631944212134096
702,0.3040038983309356,0.2630021006068645
703,0.30383767558102526,0.26281023178380347
704,0.30367187345325974,0.26261881275127147
705,0.3035064900608442,0.26242784152872267
706,0.303341523528863,0.2622373161479232
707,0.3031769719941854,0.26204723465285407
708,0.303012833605372,0.26185759509961526
709,0.30284910652258207,0.26166839555633076
710,0.30268578891748243,0.2614796341030549
711,0.3025228789731561,0.2612913088316788
712,0.302360374884013,0.26110341784583824
713,0.3021982748557007,0.26091595926082256
714,0.3020365771050161,0.2607289312034837
715,0.3018752798598185,0.26054233181214725
716,0.30171438135894263,0.2603561592365227
717,0.30155387985211396,0.2601704116376167
718,0.30139377359986264,0.25998508718764496
719,0.3012340608734403,0.2598001840699463
720,0.3010747399547369,0.2596157004788976
721,0.3009158091361978,0.2594316346198285
722,0.3007572667207425,0.2592479847089379
723,0.3005991110216834,0.25906474897321075
724,0.3004413403626464,0.25888192565033613
725,0.3002839530774907,0.2586995129886249
726,0.3001269475102308,0.25851750924693
727,0.2999703220149583,0.2583359126945655
728,0.2998140749557651,0.25815472161122793
729,0.29965820470666654,0.25797393428691745
730,0.29950270965152614,0.2577935490218602
731,0.2993475881839802,0.25761356412643116
732,0.2991928387073641,0.25743397792107786
733,0.29903845963463793,0.2572547887362446
734,0.29888444938831416,0.2570759949122975
735,0.2987308064003852,0.25689759479945035
736,0.29857752911225155,0.25671958675769074
737,0.2984246159746517,0.2565419691567076
738,0.29827206544759083,0.2563647403758186
739,0.2981198760002719,0.25618789880389836
740,0.29796804611102656,0.2560114428393082
741,0.2978165742672464,0.2558353708898251
742,0.2976654589653158,0.25565968137257256
743,0.29751469871054453,0.25548437271395125
744,0.29736429201710124,0.2553094433495708
745,0.2972142374079477,0.255134891724182
746,0.2970645334147734,0.25496071629160955
747,0.296915178577931,0.25478691551468546
748,0.2967661714463719,0.25461348786518323
749,0.29661751057758334,0.2544404318237525
750,0.2964691945375247,0.2542677458798538
751,0.29632122190056553,0.254095428531695
752,0.29617359124942394,0.2539234782861673
753,0.29602630117510437,0.2537518936587819
754,0.2958793502768383,0.2535806731736084
755,0.29573273716202286,0.25340981536321155
756,0.2955864604461617,0.25323931876859107
757,0.29544051875280575,0.2530691819391198
758,0.29529491071349473,0.25289940343248407
759,0.2951496349676991,0.2527299818146236
760,0.29500469016276215,0.252560915659672
761,0.29486007495384364,0.2523922035498986
762,0.2947157880038624,0.25222384407564963
763,0.29457182798344095,0.2520558358352908
764,0.2944281935708497,0.2518881774351499
765,0.2942848834519518,0.2517208674894604
766,0.2941418963201489,0.25155390462030475
767,0.2939992308763264,0.25138728745755884
768,0.2938568858288005,0.2512210146388369
769,0.2937148598932645,0.25105508480943645
770,0.2935731517927366,0.25088949662228405
771,0.2934317602575071,0.25072424873788157
772,0.29329068402508707,0.2505593398242527
773,0.2931499218401565,0.25039476855688986
774,0.2930094724545139,0.2502305336187021
775,0.29286933462702563,0.2500666336999627
776,0.29272950712357565,0.24990306749825777
777,0.29258998871701636,0.24973983371843528
778,0.2924507781871188,0.2495769310725538
779,0.2923118743205246,0.24941435827983283
780,0.2921732759106969,0.24925211406660241
781,0.292034981757873,0.24909019716625416
782,0.29189699066901675,0.24892860631919203
783,0.29175930145777074,0.24876734027278347
784,0.2916219129444105,0.2486063977813116
785,0.29148482395579767,0.24844577760592737
786,0.2913480333253342,0.2482854785146019
787,0.2912115398929166,0.24812549928207966
788,0.2910753425048909,0.2479658386898319
789,0.2909394400140081,0.24780649552601045
790,0.290803831279379,0.2476474685854014
791,0.2906685151664311,0.24748875666938058
792,0.2905334905468641,0.24733035858586755
793,0.2903987562986073,0.24717227314928147
794,0.29026431130577574,0.2470144991804963
795,0.29013015445862855,0.24685703550679744
796,0.28999628465352606,0.24669988096183748
797,0.28986270079288795,0.2465430343855932
798,0.2897294017851521,0.24638649462432285
799,0.2895963865447329,0.2462302605305233
800,0.2894636539919806,0.24607433096288803
801,0.2893312030531406,0.24591870478626496
802,0.28919903266031344,0.24576338087161534
803,0.2890671417514148,0.2456083580959723
804,0.2889355292701359,0.24545363534239995
805,0.28880419416590436,0.24529921149995315
806,0.2886731353938451,0.24514508546363678
807,0.288542351914742,0.24499125613436654
808,0.28841184269499925,0.24483772241892873
809,0.2882816067066037,0.24468448322994144
810,0.28815164292708706,0.24453153748581555
811,0.2880219503394882,0.2443788841107158
812,0.2878925279323166,0.24422652203452289
813,0.2877633746995154,0.24407445019279533
814,0.2876344896404246,0.2439226675267316
815,0.2875058717597452,0.24377117298313292
816,0.2873775200675031,0.24361996551436602
817,0.28724943357901367,0.24346904407832629
818,0.2871216113148461,0.24331840763840143
819,0.2869940523007888,0.24316805516343515
820,0.2868667555678138,0.2430179856276908
821,0.2867397201520437,0.24286819801081666
822,0.2866129450947154,0.24271869129780924
823,0.286486429442148,0.2425694644789794
824,0.2863601722457079,0.2424205165499165
825,0.28623417256177613,0.2422718465114547
826,0.28610842945171455,0.24212345336963792
827,0.28598294198183327,0.24197533613568617
828,0.2858577092233578,0.24182749382596164
829,0.28573273025239704,0.24167992546193542
830,0.2856080041499106,0.2415326300701538
831,0.28548353000167703,0.2413856066822056
832,0.28535930689826267,0.24123885433468947
833,0.2852353339349893,0.241092372069181
834,0.28511161021190384,0.24094615893220095
835,0.28498813483374685,0.2408002139751828
836,0.2848649069099221,0.24065453625444136
837,0.2847419255544661,0.24050912483114098
838,0.28461918988601764,0.24036397877126436
839,0.2844966990277882,0.24021909714558165
840,0.2843744521075316,0.24007447902961931
841,0.2842524482575151,0.23993012350362986
842,0.28413068661448965,0.23978602965256132
843,0.2840091663196609,0.23964219656602725
844,0.28388788651866054,0.23949862333827687
845,0.2837668463615171,0.2393553090681651
846,0.28364604500262813,0.23921225285912343
847,0.2835254816007316,0.23906945381913056
848,0.2834051553188781,0.2389269110606836
849,0.28328506532440284,0.23878462370076886
850,0.28316521078889806,0.23864259086083364
851,0.28304559088818604,0.23850081166675788
852,0.28292620480229125,0.2383592852488257
853,0.282807051715414,0.23821801074169768
854,0.28268813081590327,0.23807698728438326
855,0.2825694412962303,0.23793621402021287
856,0.28245098235296223,0.23779569009681079
857,0.2823327531867358,0.2376554146660681
858,0.2822147530022314,0.2375153868841156
859,0.2820969810081474,0.2373756059112972
860,0.28197943641717443,0.23723607091214335
861,0.28186211844596987,0.23709678105534462
862,0.2817450263151328,0.23695773551372573
863,0.281628159249179,0.23681893346421942
864,0.2815115164765158,0.23668037408784082
865,0.2813950972294178,0.23654205656966185
866,0.28127890074400197,0.23640398009878574
867,0.28116292626020367,0.23626614386832193
868,0.2810471730217523,0.236128547075361
869,0.2809316402761476,0.23599118892094986
870,0.2808163272746354,0.23585406861006708
871,0.28070123327218444,0.23571718535159825
872,0.28058635752746286,0.23558053835831214
873,0.28047169930281485,0.23544412684683597
874,0.2803572578642374,0.23530795003763186
875,0.2802430324813576,0.23517200715497294
876,0.28012902242741006,0.2350362974269197
877,0.2800152269792136,0.2349008200852965
878,0.27990164541714974,0.23476557436566858
879,0.27978827702513953,0.2346305595073185
880,0.2796751210906221,0.23449577475322358
881,0.27956217690453244,0.23436121935003298
882,0.27944944376127956,0.23422689254804493
883,0.2793369209587251,0.2340927936011847
884,0.2792246077981614,0.23395892176698183
885,0.2791125035842905,0.23382527630654812
886,0.27900060762520307,0.23369185648455595
887,0.2788889192323571,0.2335586615692162
888,0.2787774377205571,0.23342569083225642
889,0.27866616240793335,0.23329294354889973
890,0.2785550926159216,0.23316041899784307
891,0.2784442276692422,0.23302811646123625
892,0.2783335668958802,0.23289603522466076
893,0.27822310962706487,0.23276417457710888
894,0.2781128551972501,0.232632533810963
895,0.2780028029440941,0.23250111222197475
896,0.27789295220843985,0.2323699091092448
897,0.2777833023342959,0.2322389237752024
898,0.2776738526688164,0.23210815552558528
899,0.27756460256228194,0.2319776036694194
900,0.2774555513680806,0.2318472675189993
901,0.27734669844268867,0.23171714638986812
902,0.2772380431456519,0.23158723960079808
903,0.2771295848395669,0.231457546473771
904,0.2770213228900619,0.23132806633395891
905,0.2769132566657791,0.23119879850970473
906,0.27680538553835565,0.23106974233250346
907,0.2766977088824055,0.2309408971369828
908,0.2765902260755019,0.2308122622608848
909,0.27648293649815847,0.23068383704504683
910,0.276375839533812,0.23055562083338313
911,0.2762689345688045,0.23042761297286635
912,0.2761622209923659,0.23029981281350936
913,0.2760556981965959,0.23017221970834692
914,0.27594936557644717,0.2300448330134176
915,0.2758432225297081,0.22991765208774612
916,0.2757372684569853,0.22979067629332525
917,0.2756315027616871,0.22966390499509828
918,0.275525924850006,0.22953733756094133
919,0.27542053413090267,0.22941097336164615
920,0.2753153300160888,0.2292848117709025
921,0.2752103119200108,0.22915885216528126
922,0.27510547925983314,0.22903309392421717
923,0.27500083145542226,0.22890753642999173
924,0.2748963679293305,0.2287821790677168
925,0.2747920881067796,0.22865702122531742
926,0.2746879914156449,0.2285320622935152
927,0.27458407728644013,0.22840730166581247
928,0.2744803451523006,0.22828273873847493
929,0.27437679444896823,0.22815837291051616
930,0.2742734246147758,0.22803420358368093
931,0.27417023509063165,0.22791023016242945
932,0.2740672253200044,0.2277864520539214
933,0.27396439474890766,0.22766286866800006
934,0.2738617428258847,0.22753947941717637
935,0.27375926900199393,0.22741628371661368
936,0.27365697273079376,0.22729328098411206
937,0.27355485346832764,0.2271704706400928
938,0.27345291067310973,0.22704785210758324
939,0.27335114380611,0.2269254248122016
940,0.27324955233073994,0.22680318818214176
941,0.2731481357128381,0.2266811416481583
942,0.27304689342065575,0.22655928464355182
943,0.27294582492484293,0.22643761660415382
944,0.27284492969843394,0.2263161369683122
945,0.2727442072168337,0.22619484517687663
946,0.2726436569578038,0.2260737406731842
947,0.2725432784014486,0.22595282290304486
948,0.2724430710302014,0.22583209131472703
949,0.2723430343288112,0.22571154535894383
950,0.2722431677843289,0.2255911844888385
951,0.2721434708860938,0.22547100815997068
952,0.27204394312572067,0.22535101583030248
953,0.27194458399708593,0.22523120696018448
954,0.2718453929963151,0.22511158101234235
955,0.27174636962176923,0.2249921374518629
956,0.27164751337403215,0.22487287574618062
957,0.27154882375589773,0.2247537953650644
958,0.2714503002723567,0.22463489578060403
959,0.27135194243058436,0.2245161764671969
960,0.2712537497399277,0.22439763690153505
961,0.2711557217118929,0.22427927656259175
962,0.2710578578601329,0.22416109493160893
963,0.27096015770043513,0.2240430914920838
964,0.2708626207507091,0.2239252657297564
965,0.2707652465309741,0.22380761713259675
966,0.2706680345633474,0.22369014519079203
967,0.2705709843720321,0.22357284939673436
968,0.27047409548330487,0.22345572924500803
969,0.2703773674255046,0.22333878423237724
970,0.2702807997290203,0.2232220138577738
971,0.2701843919262793,0.22310541762228472
972,0.27008814355173594,0.22298899502914044
973,0.26999205414185984,0.22287274558370232
974,0.26989612323512424,0.22275666879345096
975,0.2698003503719951,0.2226407641679742
976,0.2697047350949193,0.2225250312189553
977,0.26960927694831366,0.2224094694601612
978,0.2695139754785538,0.22229407840743096
979,0.26941883023396274,0.22217885757866382
980,0.2693238407648004,0.2220638064938082
981,0.2692290066232522,0.22194892467484986
982,0.2691343273634185,0.22183421164580075
983,0.26903980254130366,0.22171966693268774
984,0.2689454317148053,0.22160529006354118
985,0.26885121444370386,0.22149108056838415
986,0.2687571502896517,0.22137703797922104
987,0.26866323881616305,0.2212631618300268
988,0.268569479588603,0.22114945165673594
989,0.2684758721741779,0.22103590699723177
990,0.2683824161419242,0.22092252739133553
991,0.2682891110626989,0.22080931238079576
992,0.2681959565091693,0.22069626150927768
993,0.26810295205580253,0.2205833743223527
994,0.2680100972788559,0.22047065036748778
995,0.267917391756367,0.22035808919403518
996,0.2678248350681435,0.22024569035322214
997,0.2677324267957536,0.22013345339814036
998,0.2676401665225162,0.22002137788373607
999,0.26754805383349134,0.21990946336679984
